{"cameraMode":{"drawMode":2,"name":"Shaded Wireframe","section":"Shading Mode"},"sceneLighting":true,"audioPlay":false,"sceneViewState":{"m_AlwaysRefresh":true,"showFog":true,"showSkybox":true,"showFlares":true,"showImageEffects":true,"showParticleSystems":true,"showVisualEffectGraphs":true,"m_FxEnabled":true},"in2DMode":false,"pivot":{"x":-3.6446452140808107,"y":-0.24435627460479737,"z":0.7255808115005493},"rotation":{"x":0.06466132402420044,"y":0.013801922090351582,"z":-0.0010539309587329627,"w":0.998077929019928},"size":1.4292851686477662,"orthographic":false}